tag,subj,mech,sev,C::stance_frac_l,C::step_time_l,C::step_time_cv_l,C::stance_frac_r,C::step_time_r,C::step_time_cv_r,C::stance_asym,C::step_time_asym,C::speed,G::vgrf_peak_l,G::vgrf_mean_l,G::brake_imp_l,G::prop_imp_l,G::fx_peak_l,G::fx_min_l,G::load_rate_l,G::vgrf_peak_r,G::vgrf_mean_r,G::brake_imp_r,G::prop_imp_r,G::fx_peak_r,G::fx_min_r,G::load_rate_r,G::vgrf_peak_asym,G::vgrf_mean_asym,G::brake_imp_asym,G::prop_imp_asym,G::fx_peak_asym,G::fx_min_asym,G::load_rate_asym
DF20L,base,DF,20,0.5457570715474209,1.370000000000001,0.0034325571877262973,0.6089850249584027,1.38,0.006865114375452901,-0.06322795341098175,-0.009999999999998899,0.9327166665112138,1.8169360710645115,0.9187450811942588,-0.17004925631862167,0.14558087956894986,0.2163797873889617,-0.36504295907965634,41.02533857579815,1.640454346876365,0.9095452126804776,-0.13145423193534014,0.1639874362021226,0.20902286296781708,-0.3215858453473132,36.742099898063984,0.17648172418814645,0.009199868513781184,-0.03859502438328152,-0.018406556633172755,0.007356924421144606,-0.04345711373234312,4.283238677734168
DF40L,base,DF,40,0.5291181364392679,0.6849999999999996,0.2804682411522753,0.6339434276206323,1.3600000000000003,0.018431809773444083,-0.10482529118136441,-0.6750000000000007,0.9823283331696119,1.611402359108781,0.8595822828091098,-0.14189055394640734,0.1681006688947103,0.2220270860637833,-0.26717780690257753,48.81068880151554,1.7126692878986454,0.9566343656584212,-0.20709103851754324,0.17904444041065587,0.222666375418669,-0.41217125382263,58.149701470803635,-0.10126692878986443,-0.09705208284931144,0.06520048457113589,-0.010943771515945583,-0.0006392893548856915,0.14499344692005245,-9.339012669288095
DF60L,base,DF,60,0.6006655574043261,0.4800000000000004,0.4026702572385536,0.6039933444259568,1.3100000000000005,0.02821373688409107,-0.0033277870216306127,-0.8300000000000001,1.0147733331642044,1.6280763069753894,0.8416337746022868,-0.19204485439055946,0.17630087944414943,0.22737585554099315,-0.3313295471093636,69.65108489879282,1.8363331877093343,0.9161874569998006,-0.17213132303043177,0.18881249481548454,0.2276103101791175,-0.4186602592107179,51.6538517547703,-0.20825688073394488,-0.07455368239751381,-0.01991353136012769,-0.012511615371335105,-0.00023445463812435396,0.08733071210135435,17.997233144022516
HF20L,base,HF,20,0.632279534109817,1.2649999999999997,0.019762845834179636,0.5790349417637272,1.2599999999999998,0.022754519151407096,0.0532445923460898,0.004999999999999893,1.061549999823075,1.5608271443133825,0.8753527953501226,-0.19462513678898669,0.20834610897043387,0.22878695208970437,-0.39992718800058247,50.38896170088939,1.5671035386631718,0.8878097372240049,-0.2018913747633567,0.19462140294160063,0.23011067423911458,-0.4222979467016164,50.66622979467124,-0.006276394349789216,-0.012456941873882355,0.00726623797437001,0.013724706028833245,-0.0013237221494102058,0.022370758701033944,-0.27726809378184925
HF40L,base,HF,40,0.6239600665557404,1.2200000000000006,0.1597352938842717,0.6206322795341098,1.2149999999999999,0.10618480734560168,0.0033277870216306127,0.005000000000000782,1.115884999814019,1.4000349497597202,0.8191495593417796,-0.1632378202389655,0.20704886235619183,0.22529925731760592,-0.2839857288481142,31.48885976408979,1.4914955584680354,0.8692349246952144,-0.18426961632444636,0.23269601131497972,0.27944954128440364,-0.4128018057375855,49.7319062181458,-0.09146060870831518,-0.050085365353434774,0.021031796085480864,-0.02564714895878789,-0.05415028396679772,0.12881607688947133,-18.243046454056014
HF60L,base,HF,60,0.5986622073578596,1.1400000000000001,0.43278357901573544,0.617056856187291,1.1899999999999995,0.09843131593990408,-0.018394648829431426,-0.04999999999999938,1.1541792292874073,1.5565603611475172,0.832869555684999,-0.15470668064365478,0.22850605960389786,0.22339740789282073,-0.3187825833697393,27.04426969564641,1.5874908985000729,0.8826714655496635,-0.20096805139070487,0.2496393431338231,0.3186922964904616,-0.4683340614533275,58.696810834426756,-0.030930537352555687,-0.049801909864664484,0.046261370747050085,-0.021133283529925245,-0.09529488859764088,0.1495514780835882,-31.652541138780347
KE20L,base,KE,20,0.6023294509151415,1.2650000000000001,0.006541666248005568,0.589018302828619,1.2649999999999997,0.003952569166836005,0.01331114808652245,4.440892098500626e-16,0.9872033331687995,1.4661861074705111,0.887812813387459,-0.12774535219163846,0.17789875631279653,0.23384592980923255,-0.20197903014416776,45.91102373671279,1.6984126984126982,0.8945148651661635,-0.1827963817589884,0.16040084330857382,0.21306684141546522,-0.33953545944371627,53.838211737295445,-0.232226590942187,-0.006702051778704532,0.055051029567349946,0.01749791300422271,0.020779088393767325,0.1375564292995485,-7.927188000582653
KE40L,base,KE,40,0.5956738768718802,1.2799999999999998,0.012352647100382294,0.627287853577371,1.2800000000000002,0.005524271723704192,-0.03161397670549082,-4.440892098500626e-16,0.9570316665071615,1.1136886558904906,0.8551332265424009,-0.10940574251492412,0.17583044677005594,0.2624523081403815,-0.33490752876073976,42.632008154944835,1.558628221930974,0.8754068819506972,-0.20414425631425223,0.16161669564583897,0.20652249890781998,-0.36547400611620795,43.86034658511816,-0.44493956604048335,-0.020273655408296287,0.09473851379932811,0.014213751124216967,0.05592980923256152,0.03056647735546819,-1.2283384301733236
KE60L,base,KE,60,0.5906821963394343,1.2600000000000002,0.006846050617389742,0.627287853577371,1.2599999999999998,0.0,-0.03660565723793674,4.440892098500626e-16,0.9776749998370541,1.172421727100626,0.8491513874275213,-0.062206276205037256,0.18443230027668164,0.28514780835881753,-0.249305373525557,41.67278287461862,1.8499927188000582,0.8900371511156073,-0.21420130040774263,0.12505010441240447,0.19614533275083734,-0.45746905490024753,46.28906363768847,-0.6775709916994321,-0.04088576368808605,0.1519950242027054,0.059382195864277176,0.08900247560798019,0.20816368137469052,-4.616280763069852
KF20L,base,KF,20,0.6472545757071547,1.2599999999999998,0.005611958576392059,0.5607321131447587,1.2599999999999998,0.007936507930209127,0.08652246256239604,0.0,1.0753733331541044,1.549817970001456,0.8890618752253147,-0.23196342064947809,0.17569877129604985,0.2203174603174603,-0.3864977428280181,53.64933741080643,1.4648026794815785,0.8794254891259492,-0.15010812950341892,0.20590128371923255,0.24586427843308578,-0.40877530216979757,57.807630697540176,0.08501529051987755,0.009636386099365457,-0.08185529114605916,-0.030202512423182698,-0.02554681811562548,0.022277559341779496,-4.158293286733745
KF40L,base,KF,40,0.6755407653910149,1.1050000000000004,0.03196347029044459,0.5740432612312812,1.12,0.05526771302739029,0.10149750415973369,-0.01499999999999968,0.9958599998340234,1.6093344983253242,0.8726356209150327,-0.208788542187268,0.13005431025192674,0.20034949759720402,-0.2969025775447794,30.60230085918226,1.3034338138925294,0.8195759336292242,-0.08023721531964297,0.1623720788553919,0.22935925440512595,-0.2060099024319208,25.17809815057575,0.3059006844327947,0.053059687285808455,-0.12855132686762505,-0.03231776860346516,-0.02900975680792192,-0.09089267511285859,5.424202708606511
PF20L,base,PF,20,0.5524126455906821,1.3450000000000002,0.016067261653835662,0.64891846921797,1.3599999999999994,0.01514598034011094,-0.09650582362728788,-0.014999999999999236,0.9837566665027071,1.8272171253822629,0.8870401518700403,-0.16869023139653055,0.1572251529780074,0.2141677588466579,-0.3576438036988495,37.02446483180506,1.4648318042813455,0.8804221449294845,-0.1672387929925696,0.1897912011649879,0.2218668996650648,-0.3760463084316295,28.116353575069763,0.36238532110091737,0.0066180069405558095,-0.0014514384039609474,-0.0325660481869805,-0.007699140818406891,0.01840250473277999,8.9081112567353
PF40L,base,PF,40,0.5723793677204659,1.4399999999999995,0.003281237961458686,0.6356073211314476,1.4399999999999995,2.9526600519255345e-16,-0.06322795341098164,0.0,0.9433566665094406,1.8043250327653997,0.8921974128033974,-0.13721844775010628,0.17667470835881374,0.1800262123197903,-0.33249890782000874,46.62880442697055,1.2568457841852336,0.8748186409392519,-0.20444133264161496,0.14691667196592084,0.20963011504295906,-0.37817824377457404,28.51186835590566,0.5474792485801661,0.017378771864145492,0.06722288489150868,0.0297580363928929,-0.029603902723168762,0.0456793359545653,18.116936071064888
PF60L,base,PF,60,0.5141430948419301,1.31,0.008302664648037405,0.7154742096505824,1.3099999999999996,0.003607687656353815,-0.2013311148086523,4.440892098500626e-16,0.9884333331685945,1.6433085772535314,0.8002199897921818,-0.06331252246978167,0.23685674879859697,0.22159021406727827,-0.17336391437308868,26.365807485074097,1.5561380515508954,0.9069549645930486,-0.3151108438182545,0.1363764619455337,0.19672637250618902,-0.8254594437163243,102.18304936653777,0.08717052570263606,-0.1067349748008668,0.2517983213484728,0.10048028685306326,0.024863841561089256,0.6520955293432356,-75.81724188146367
s1DF20L,s1,DF,20,0.6006655574043261,1.3000000000000003,0.014743082038332767,0.5906821963394343,1.2999999999999998,0.012561485850763606,0.009983361064891838,4.440892098500626e-16,1.0713183331547804,1.5358817533129459,0.8896092145703063,-0.2013886230231499,0.1592597184010451,0.22070918887432647,-0.3723605650211154,59.116207951071594,1.5403232852774136,0.8872724013807617,-0.1514520851681925,0.19921589749526297,0.22768020969855832,-0.3856691422746468,38.5086646279315,-0.0044415319644677265,0.0023368131895445954,-0.049936537854957386,-0.039956179094217864,-0.006971020824231844,0.013308577253531406,20.607543323140092
s1DF40L,s1,DF,40,0.6023294509151415,1.29,4.868503744082633e-16,0.5707154742096506,1.2999999999999998,0.007289760625152907,0.03161397670549082,-0.009999999999999787,1.113029999814495,1.6398572884811415,0.9214286699862502,-0.231925609854371,0.15463132228629348,0.21256443861948446,-0.565711373234309,74.38313674093648,1.612567351099461,0.8838120809329786,-0.1415506732051812,0.2079460188291786,0.22411679044706567,-0.3217620503859036,30.778112712975748,0.027289937381680618,0.03761658905327159,-0.0903749366491898,-0.05331469654288512,-0.011552351827581214,-0.24394932284840537,43.60502402796073
s1DF60L,s1,DF,60,0.5690515806988353,0.45999999999999996,0.3676047236305745,0.6222961730449251,1.3500000000000005,0.012528303463966271,-0.0532445923460898,-0.8900000000000006,1.0036999998327167,1.4983835736129314,0.8394029823625139,-0.18058064099897678,0.17034760368428353,0.22077326343381387,-0.38276976845784183,62.3955147808372,1.6554536187563709,0.937978555892749,-0.17737259662443192,0.19311988616717224,0.23624435707004515,-0.4225163826998689,61.514780835883066,-0.15707004514343947,-0.09857557353023516,-0.0032080443745448606,-0.022772282482888706,-0.015471093636231281,0.03974661424202708,0.8807339449541374
s1HF20L,s1,HF,20,0.6189683860232945,1.2800000000000002,0.02732727990770637,0.5806988352745425,1.2649999999999997,0.03223824761185811,0.038269550748752046,0.015000000000000568,1.0769083331538487,1.48319499053444,0.8800576215473679,-0.1888810392412949,0.19475442046016767,0.22461919324304647,-0.3563259065093927,47.42070773263535,1.514984709480122,0.8769701794411274,-0.17243762115916333,0.19984460096111412,0.2321901849424785,-0.34051987767584097,48.234745886123044,-0.031789718945682166,0.0030874421062404567,-0.016443418082131567,-0.005090180500946451,-0.007570991699432039,-0.015806028833551755,-0.8140381534876937
s1HF40L,s1,HF,40,0.5607321131447587,1.3399999999999999,0.003225420495863449,0.6206322795341098,1.3399999999999999,0.0,-0.05990016638935114,0.0,0.9893933331684344,1.557492354740061,0.8915110404164933,-0.16670926496286234,0.16144738964613023,0.2128556866171545,-0.2699898063200815,40.4552206203591,1.6888015144895878,0.9030879685763655,-0.1840398482845454,0.19197153249016624,0.20791320809669434,-0.34540265035677875,40.88000582496081,-0.13130915974952684,-0.011576928159872213,0.017330583321683052,-0.030524142844036012,0.004942478520460175,0.07541284403669724,-0.42478520460171154
s1HF60L,s1,HF,60,0.5341098169717138,1.0999999999999996,0.3347942132178616,0.6505823627287853,1.3600000000000003,0.01047565600981882,-0.11647254575707155,-0.2600000000000007,1.000093333166651,1.524464831804281,0.8373999823980961,-0.11375675444007328,0.18544831955118285,0.20608271443133827,-0.31400902868792774,78.23401776612953,1.9898063200815495,0.9512922632688229,-0.27290511498470366,0.1777166665647261,0.19855686617154505,-0.8148929663608562,77.54055628367719,-0.4653414882772684,-0.11389228087072678,0.15914836054463039,0.007731652986456755,0.007525848259793216,0.5008839376729284,0.6934614824523351
s1KE20L,s1,KE,20,0.6089850249584027,1.2800000000000007,0.005524271723704191,0.5873544093178037,1.2800000000000002,0.00369246360643721,0.021630615640598982,4.440892098500626e-16,0.9506783331748869,1.5559341779525264,0.8921006214086376,-0.18024075773991166,0.14066810994611612,0.2227712246978302,-0.26426241444590065,29.021989223824704,1.4384520168923838,0.8749999384687329,-0.13237982772680654,0.1683288533566296,0.21458569972331437,-0.27525993883792044,25.6449686908408,0.11748216106014264,0.017100682939904632,-0.047860930013105124,-0.027660743410513472,0.008185524974515829,0.010997524392019786,3.377020532983906
s1KE40L,s1,KE,40,0.5540765391014975,1.3150000000000004,0.014172944636133786,0.6289517470881864,1.3399999999999999,0.007071067806562494,-0.0748752079866889,-0.024999999999999467,0.9783466665036088,1.4514343963885248,0.8786794545465643,-0.12709877287024632,0.15681371259792878,0.22415756516673946,-0.3601834862385321,48.8318042813466,2.0631280034949757,0.9098587385571512,-0.21975635856341455,0.1852554915974913,0.23274355613805153,-0.4929343235765254,54.15610892675229,-0.6116936071064509,-0.031179284010586894,0.09265758569316823,-0.028441778999562517,-0.008585990971312074,0.1327508373379933,-5.3243046454056895
s1KF20L,s1,KF,20,0.6191275167785235,1.125,0.4624816556889538,0.6258389261744967,1.1749999999999998,0.08793832297445495,-0.006711409395973145,-0.04999999999999982,1.1156067225015789,1.5556429299548564,0.8328667098408278,-0.18500711561962618,0.17993488635502747,0.2190811125673511,-0.35659094218727244,26.849279161206336,1.5006989951944079,0.8453696729628548,-0.12120774807047945,0.23689804303188658,0.34900247560798014,-0.33543031891655745,35.74952672200454,0.054943934760448565,-0.012502963122027033,-0.06379936754914674,-0.05696315667685911,-0.12992136304062904,-0.021160623270714995,-8.900247560798203
s1KF40L,s1,KF,40,0.6397306397306397,0.9900000000000002,0.615139461575745,0.6127946127946128,0.75,0.5452136001984335,0.026936026936026924,0.2400000000000002,1.1406340638885946,1.9849570409203434,0.8436813372334573,-0.25842514035240455,0.21456585897771493,0.2521901849424785,-0.7577399155380806,114.92048929663851,1.6782728993738167,0.8472587326391389,-0.11780464419979361,0.2920690671326572,0.40417212756662296,-0.6873234309014126,61.334789573322986,0.3066841415465267,-0.0035773954056815827,-0.14062049615261094,-0.07750320815494224,-0.15198194262414444,-0.07041648463666805,53.58569972331552
s1PF20L,s1,PF,20,0.6139767054908486,1.2649999999999997,0.00395256916683618,0.6023294509151415,1.2650000000000001,0.0039525691668358285,0.011647254575707144,-4.440892098500626e-16,1.0282483331619587,1.5347750109218,0.8864343715258909,-0.1713630056793323,0.18478964263870293,0.23082131935342942,-0.28024901703800786,26.603465851172814,1.244884228920926,0.8612676359914943,-0.16974089657215305,0.17049843090140893,0.21874763361001892,-0.3146847240425222,36.40512596475976,0.2898907820008738,0.025166735534396634,-0.0016221091071792482,0.014291211737294002,0.0120736857434105,0.034435707004514315,-9.801660113586948
s1PF40L,s1,PF,40,0.5374376039933444,1.3599999999999994,0.009193261385788352,0.6688851913477537,1.3699999999999992,0.01039862912745017,-0.1314475873544093,-0.009999999999999787,0.9566333331738942,1.6040046599679627,0.8740063483948223,-0.1205823278141812,0.16092386681228724,0.2130275229357798,-0.2512596475899228,25.604922091161168,1.0985976408912188,0.8808725521946115,-0.19193198058831687,0.14468496572010758,0.20638998106888015,-0.3109043250327654,36.28236493374184,0.5054070190767439,-0.0068662037997891945,0.07134965277413567,0.016238901092179653,0.00663754186689966,0.059644677442842575,-10.677442842580671
s1PF60L,s1,PF,60,0.5257903494176372,1.3600000000000003,0.006898602738235483,0.6921797004991681,1.37,0.003432557187726908,-0.16638935108153086,-0.009999999999999787,0.9581733331736377,1.6422309596621523,0.8324219991152654,-0.0998846652963427,0.2013321252657595,0.20083296927333624,-0.21499635940002912,28.50560652395575,1.3500247560798018,0.8922081604048346,-0.24195590337847162,0.13108690259210437,0.20272462501820301,-0.6154215814766273,93.02475607980392,0.2922062035823505,-0.05978616128956926,0.1420712380821289,0.07024522267365513,-0.0018916557448667715,0.40042522207659814,-64.51914955584817
s2DF20L,s2,DF,20,0.56738768718802,1.3599999999999999,0.009569341471232088,0.6289517470881864,1.3500000000000005,3.1495040552414255e-16,-0.061564059900166335,0.009999999999999343,0.9981116665003147,1.565487112276103,0.8795034674312567,-0.18755904469200124,0.15627642717343485,0.21325469637396244,-0.35157128294742973,52.917431192661674,1.4798747633610019,0.8870068458648739,-0.14538869414591213,0.19755955217707458,0.22146206494830348,-0.30874035241007713,27.691277122470368,0.08561234891510106,-0.007503378433617147,-0.042170350546089114,-0.04128312500363973,-0.00820736857434104,-0.042830930537352596,25.226154070191306
s2DF40L,s2,DF,40,0.56738768718802,1.38,0.0034242459112488882,0.6206322795341098,1.38,0.0034242459112490404,-0.0532445923460898,0.0,1.022721666496213,1.5689092762487256,0.8894728428324167,-0.19578862102810127,0.1664236166666631,0.20460171836318625,-0.4879656327362749,63.91422746468754,1.4626765690985872,0.9012758985254496,-0.163956096034655,0.1870586649424745,0.21434396388524826,-0.29887578272899373,29.514038153488322,0.10623270715013833,-0.011803055693032971,-0.03183252499344627,-0.02063504827581139,-0.009742245522062015,-0.18908985000728118,34.40018931119922
s2DF60L,s2,DF,60,0.5690515806988353,0.9300000000000006,0.3601698881780998,0.6239600665557404,1.37,0.04497184355860089,-0.05490848585690511,-0.4399999999999995,0.9747183331708802,1.7260812581913498,0.851804745389387,-0.174207666239839,0.175905089780104,0.2225120139799039,-0.502587738459298,123.41502839668237,1.821086355031309,0.9141585911363527,-0.19383777536769647,0.17964757735546436,0.20648900538808793,-0.6420722295034221,73.61933886704688,-0.09500509683995917,-0.062353845746965675,0.01963010912785748,-0.0037424875753603593,0.016023008591815963,0.13948449104412408,49.795689529635496
s2HF20L,s2,HF,20,0.5657237936772047,1.35,0.01801095397780958,0.6372712146422629,1.3400000000000007,0.013933138535252165,-0.07154742096505817,0.009999999999999343,1.0094133331650976,1.467321974661424,0.8615885757972913,-0.1712411887170489,0.1746188500946519,0.21528469491772245,-0.31331731469346147,47.82161060142813,1.4847677297218582,0.8940697957195669,-0.18106001210455416,0.20875168453472684,0.2122134847822921,-0.3507892820736857,45.19207805446434,-0.01744575506043411,-0.032481219922275595,0.009818823387505254,-0.03413283444007495,0.0030712101354303523,0.037471967380224236,2.6295325469637874
s2HF40L,s2,HF,40,0.5806988352745425,1.3449999999999998,0.006176210033305261,0.6206322795341098,1.3399999999999999,0.006093258062077753,-0.03993344425956735,0.004999999999999893,1.0498616664916895,1.4866754041065966,0.8816276285861996,-0.20332847337992865,0.16685251832677667,0.20711955730304354,-0.382807630697539,50.65356050677259,1.5078782583369739,0.888008461418034,-0.179685730308719,0.2099220767074369,0.21649774282801806,-0.39358526285131784,50.202562982380556,-0.021202854230377266,-0.006380832831834438,-0.023642743071209643,-0.04306955838066023,-0.00937818552497452,0.01077763215377886,0.45099752439203655
s2KE20L,s2,KE,20,0.540765391014975,1.38,0.0,0.6356073211314476,1.379999999999999,0.005916641886493338,-0.09484193011647257,8.881784197001252e-16,0.9454849998424193,1.5209552934323576,0.8910337874561727,-0.14806286841415148,0.1656632228047147,0.2206043395951653,-0.44711810106305516,55.58438910732607,1.6196155526430756,0.9120763584393681,-0.19260342998397725,0.16238623527012908,0.21359691277122467,-0.42860346585117226,58.46628804427093,-0.09866025921071797,-0.021042570983195397,0.044540561569825776,0.0032769875345856347,0.007007426823940621,-0.0185146352118829,-2.8818989369448644
s2KF20L,s2,KF,20,0.5790349417637272,1.37,0.014042313971209778,0.6289517470881864,1.3600000000000003,0.00919326138578847,-0.04991680532445919,0.009999999999999787,0.9472816665087864,1.6505460899956312,0.878665467360975,-0.21297404816513307,0.14639173757681354,0.21063492063492062,-0.413448376292413,41.9771370321838,1.296177370030581,0.8728662690129851,-0.11591832360564774,0.20309255530799042,0.23151740206786078,-0.3249759720401922,42.173729430611075,0.35436871996505026,0.005799198347989809,-0.09705572455948533,-0.056700817731176884,-0.020882481432940164,-0.0884724042522208,-0.19659239842727771
s2KF40L,s2,KF,40,0.6120401337792643,1.245,0.046901764674195906,0.6020066889632107,0.8349999999999995,0.5705648940341571,0.010033444816053505,0.4100000000000006,1.1631809043277757,1.911227610310179,0.8970798454802741,-0.27322156170088246,0.19362154860928668,0.2811111111111111,-0.6203232852774136,58.516965195865524,1.6166448230668415,0.8188479272850832,-0.10844131954273833,0.2879941626620005,0.2842085335663317,-0.5889223824086209,44.523081403816285,0.29458278724333753,0.07823191819519093,-0.16478024215814413,-0.09437261405271383,-0.0030974224552205998,-0.03140090286879271,13.993883792049239
s2PF20L,s2,PF,20,0.5590682196339434,1.3400000000000003,0.03840429545046356,0.6672212978369384,1.3500000000000005,0.028939592235270654,-0.10815307820299502,-0.010000000000000231,0.9430433331761593,1.5741663026066695,0.8555045095765117,-0.1505724256880702,0.15032834403669404,0.21245230814038152,-0.2992238240862094,40.55934177952613,1.2104295907965632,0.868566121989441,-0.16566667441385988,0.18459766328818594,0.22395077908839375,-0.3012567351099461,36.85393912916928,0.36373671181010625,-0.013061612412929358,0.015094248725789683,-0.0342693192514919,-0.011498470948012235,0.0020329110237367054,3.7054026503568522
s2PF40L,s2,PF,40,0.5840266222961731,1.4299999999999997,0.0032888687474105344,0.6605657237936772,1.4300000000000015,0.005709766296200921,-0.07653910149750409,-1.7763568394002505e-15,0.9499433331750093,1.5866317169069462,0.851441689620079,-0.1259323148390828,0.22105879248579696,0.19973933304208533,-0.2678083588175331,27.735459443716916,1.2138546672491626,0.8702139814444946,-0.2641298550167411,0.14882567601572422,0.21178971894568224,-0.36574777923401774,43.01106742391237,0.3727770496577836,-0.018772291824415532,0.13819754017765828,0.07223311647007274,-0.012050385903596916,0.09793942041648462,-15.275607980195456
s2PF60L,s2,PF,60,0.5896147403685092,1.129999999999999,0.18057925422170712,0.6750418760469011,1.2200000000000002,0.0997059387473181,-0.08542713567839189,-0.09000000000000119,1.1898154360419775,1.683864860929081,0.7916425911308363,-0.17673381868355528,0.2562270996068097,0.28306684141546523,-0.619509247123926,118.37585554099567,1.962982379496141,0.868071668688419,-0.2669454132663406,0.30378473295470443,0.4091859618465123,-1.068198631134411,140.4716761322296,-0.27911751856706,-0.07642907755758266,0.0902115945827853,-0.0475576333478947,-0.12611912043104706,0.44868938401048497,-22.095820591233917
s3DF20L,s3,DF,20,0.632279534109817,1.25,0.03175003172444281,0.5773710482529119,1.225,0.04105489809004531,0.05490848585690511,0.02499999999999991,0.9849016665025163,1.593840104849279,0.8900315575996426,-0.1764756135721529,0.14683829134993132,0.2128527741371778,-0.30299694189602444,27.988641328091465,1.5629095674967233,0.8677862424350012,-0.12339376329401222,0.13942821689238089,0.21642493082860054,-0.2768647153050822,29.053007135576568,0.030930537352555687,0.022245315164641344,-0.05308185027814069,0.007410074457550431,-0.0035721566914227454,-0.02613222659094222,-1.0643658074851032
s3DF40L,s3,DF,40,0.5391014975041597,0.5200000000000005,0.30943656103391737,0.6239600665557404,1.3599999999999994,0.01400211446854378,-0.08485856905158073,-0.839999999999999,0.9986349998335609,1.6524828891801369,0.8733642513246181,-0.15032697974369855,0.1542531128032587,0.19963739624290083,-0.2927668559778651,50.032619775740116,1.714140090286879,0.9386517470025726,-0.16432579171399095,0.18173436465705162,0.21564438619484488,-0.39053735255570116,50.812727537499256,-0.06165720110674222,-0.06528749567795444,0.013998811970292402,-0.02748125185379291,-0.01600698995194405,0.09777049657783604,-0.7801077617591403
s3DF60L,s3,DF,60,0.5723793677204659,0.6949999999999998,0.3229315930849857,0.6039933444259568,1.3999999999999986,0.010174198283133687,-0.03161397670549082,-0.7049999999999987,0.9920283331679953,1.7536041939711664,0.8648424081637489,-0.18086313899082182,0.18059638859763705,0.20485073540119408,-0.39726663754186686,70.92733362458286,1.8728556866171542,0.9482143344562027,-0.19163060688072986,0.17319985414445532,0.22068152031454782,-0.3916411824668705,57.74705111402483,-0.11925149264598778,-0.08337192629245382,0.010767467889908039,0.0073965344531817245,-0.01583078491335374,-0.005625455074996344,13.18028251055803
s3HF20L,s3,HF,20,0.5940099833610649,1.29,0.012256890146189883,0.5856905158069884,1.2999999999999998,0.010962895823851296,0.008319467554076532,-0.009999999999999787,0.9988483331668587,1.565865734673074,0.9036027772984829,-0.1888229564438579,0.1568393056356454,0.22147225862822192,-0.3331381971748944,52.57536041939823,1.5625746322994027,0.8941521216423738,-0.15973875759428813,0.18820532873161094,0.22274938109800493,-0.37907383136740935,40.05941459152553,0.003291102373671251,0.009450655656109141,-0.02908419884956978,-0.031366023095965534,-0.0012771224697830097,0.04593563419251495,12.515945827872699
s3HF40L,s3,HF,40,0.6339434276206323,1.275,0.008768894022533268,0.5773710482529119,1.275,0.011622946519549041,0.056572379367720416,0.0,1.033941666494343,1.325179845638561,0.8721367501080712,-0.15817391342216058,0.1855118792922634,0.23194553662443568,-0.27805009465559927,36.95602155235261,1.4325236638998107,0.8853329296149272,-0.17695659056792984,0.1677939630115007,0.22563710499490314,-0.35579874763360997,54.32634338139042,-0.10734381826124961,-0.01319617950685592,0.018782677145769255,0.01771791628076269,0.0063084316295325404,0.0777486529780107,-17.370321829037813
s3HF60L,s3,HF,60,0.5474209650582362,0.4800000000000004,0.313357028833379,0.6555740432612313,1.33,0.006139072032435141,-0.10815307820299502,-0.8499999999999996,0.9663549998389409,1.4548623853211007,0.8242191110031103,-0.12123379051113765,0.1899856819717449,0.22364351245085187,-0.23485656036114752,19.866608417067546,1.719455366244357,0.929286422128949,-0.2572070748798547,0.19058007126838095,0.22130042230959662,-0.3924581331003349,37.807921945537444,-0.26459298092325634,-0.10506731112583867,0.13597328436871708,-0.0005943892966360498,0.0023430901412552496,0.15760157273918737,-17.941313528469898
s3KE20L,s3,KE,20,0.5823627287853578,1.17,0.32226599274716755,0.6073211314475874,0.835,0.4589413486434068,-0.024958402662229595,0.33499999999999996,1.0714033331547663,1.610615989515072,0.8798483124833787,-0.148398846159892,0.18022824933740694,0.22505897771952815,-0.38749235474006116,69.01179554390711,1.7719673802242608,0.8888058004505589,-0.18292305274063975,0.18630538444735295,0.23534148827726808,-0.6432648900538809,74.15421581476785,-0.1613513907091888,-0.008957487967180211,0.03452420658074776,-0.006077135109946008,-0.010282510557739932,0.2557725353138197,-5.14242027086074
s3KE40L,s3,KE,40,0.5657237936772047,1.2399999999999998,0.034780136670233955,0.5940099833610649,0.6350000000000002,0.3905093339118806,-0.028286189683860208,0.6049999999999995,0.9864616665022564,1.7161933886704528,0.9143871083045395,-0.15435784451725315,0.17176286689966141,0.22506189019950487,-0.25884811416921505,48.71588757827393,2.1132080966943354,0.8950459537273642,-0.1763963006698666,0.1911605778651481,0.21328964613368284,-0.3682044560943643,50.760302897918656,-0.3970147080238826,0.019341154577175335,0.02203845615261346,-0.019397710965486675,0.01177224406582203,0.10935634192514926,-2.0444153196447274
s3KF20L,s3,KF,20,0.6222961730449251,1.1600000000000001,0.46068036389901384,0.5856905158069884,0.9800000000000004,0.3427863580496644,0.03660565723793674,0.17999999999999972,1.1623916664729348,1.764671617882627,0.868236204844425,-0.24210913885247773,0.20585799554390122,0.23109946119120428,-0.5694378913644969,66.34716761322407,1.5749817970001454,0.8715315764128838,-0.13867589558758986,0.2627771195281726,0.2772695500218436,-0.6509975243920197,52.426387068590024,0.18968982088248154,-0.003295371568458827,-0.10343324326488787,-0.0569191239842714,-0.04617008883063933,0.0815596330275229,13.920780544634049
s3KF40L,s3,KF,40,0.6455906821963394,1.2299999999999995,0.45725867787090885,0.5457570715474209,0.9849999999999999,0.2793499404767154,0.09983361064891849,0.24499999999999966,0.9774933331704178,2.1944371632445026,0.9279990588721515,-0.28900398459297477,0.1619817923401742,0.2848449104412407,-0.5344910441240717,59.02737731178224,1.6530071355759426,0.8388174375222143,-0.0644771297116631,0.1925152678634006,0.22885685160914518,-0.29320227173438185,34.52992573176132,0.54143002766856,0.08918162134993723,-0.2245268548813117,-0.030533475523226383,0.05598805883209554,-0.24128877238968982,24.497451580020922
s3KF60L,s3,KF,60,0.64891846921797,1.21,0.47024600800839716,0.5923460898502496,1.2049999999999996,0.09304077366867125,0.056572379367720416,0.0050000000000003375,1.022708333162882,2.176947720984418,0.8904136503415865,-0.29837868501528414,0.17335159667976913,0.31380224260958206,-0.6228018057375855,56.98951507208509,1.2755264307557885,0.8066469072080606,-0.07126534704237505,0.22201697104994425,0.25601863987185086,-0.30891801368865585,31.463812436290166,0.9014212902286296,0.08376674313352583,-0.22711333797290909,-0.048665374370175124,0.0577836027377312,-0.31388379204892963,25.525702635794925
s3PF20L,s3,PF,20,0.56738768718802,1.2650000000000001,0.021735022105970524,0.6222961730449251,1.2600000000000007,0.016264944585988293,-0.05490848585690511,0.004999999999999449,1.0125883331645684,1.654521625163827,0.8972338776775443,-0.11498894905781029,0.15490370237366785,0.24227319062181446,-0.32973205184214355,41.86180282510647,1.4896315712829473,0.8744090287653872,-0.17936901882917922,0.1531047003640567,0.202928498616572,-0.37380952380952376,47.056938983545486,0.16489005388087974,0.02282484891215708,0.06438006977136893,0.0017990020096111392,0.03934469200524246,0.04407747196738021,-5.195136158439013
s3PF40L,s3,PF,40,0.5324459234608985,1.3650000000000007,0.003663003660320065,0.6605657237936772,1.37,0.0034493013691177417,-0.1281198003327787,-0.004999999999999449,0.9509766665081707,1.7227173438182612,0.9035468217562255,-0.12146608027668299,0.15237131342652943,0.19842726081258188,-0.31044269695645843,46.946410368429724,1.144658511722732,0.8734581895892413,-0.15744334703654828,0.13997990358234738,0.18217853502257172,-0.324754623561963,30.24989078200151,0.5780588320955293,0.03008863216698421,0.03597726675986529,0.01239140984418205,0.01624872579001016,0.014311926605504566,16.696519586428213
s3PF60L,s3,PF,60,0.5207986688851913,1.3800000000000008,0.006799103660351769,0.6838602329450915,1.3899999999999997,0.003399551830176111,-0.16306156405990013,-0.009999999999998899,0.9422899998429515,1.6781418377748654,0.8617455902215112,-0.07617024868006245,0.20931058220474286,0.22050240279598077,-0.2331789718945682,36.50094655599321,1.2980180573758555,0.8974667823155065,-0.27974316108926156,0.1189747051113998,0.19714285714285712,-0.47741517402067857,67.27755934178096,0.38012378039900985,-0.03572119209399527,0.2035729124091991,0.09033587709334305,0.023359545653123648,0.24423620212611036,-30.776612785787748
s4DF20L,s4,DF,20,0.6439267886855241,1.255,0.011761590016689626,0.5657237936772047,1.25,0.01033032289975069,0.0782029950083194,0.004999999999999893,0.9863266665022788,1.5238968982088248,0.8873121116380597,-0.17905723450123398,0.15245344459443388,0.2060812581913499,-0.31114169215086646,29.393767292850473,1.499941750400466,0.8718313228655376,-0.12727484275520332,0.15785751960841368,0.2196111839231105,-0.29004223095966214,27.317169069463226,0.023955147808358834,0.015480788772522125,-0.051782391746030665,-0.005404075013979798,-0.013529925731760595,-0.021099461191204316,2.076598223387247
s4DF40L,s4,DF,40,0.6306156405990017,1.2199999999999998,0.05817288967290354,0.5973377703826955,1.205,0.04035000315030547,0.03327787021630613,0.01499999999999968,1.1101133331483144,1.556327362749381,0.8689149215675258,-0.21666237324012935,0.17906598172418428,0.24539100043687195,-0.3727391874180865,43.75986602592199,1.4291408184068732,0.8576664555118684,-0.15164798596184328,0.1925298601135826,0.2533624581331003,-0.3153429445172564,37.65894859472922,0.12718654434250776,0.011248466055657436,-0.06501438727828607,-0.013463878389398332,-0.007971457696228368,-0.05739624290083006,6.100917431192769
s4DF60L,s4,DF,60,0.5945485519591142,0.48999999999999977,0.4109992239242511,0.6030664395229983,1.0900000000000007,0.5446382662224997,-0.008517887563884163,-0.600000000000001,1.0917167233631884,1.6054172127566624,0.8499918750130022,-0.18079681583369353,0.22049331369010738,0.37660550458715597,-0.3666404543468763,67.1837774865312,1.5773700305810396,0.8962730568938606,-0.153683218541718,0.1859363130479063,0.22506480267948156,-0.32389544196883646,56.8414154652699,0.028047182175622742,-0.04628118188085839,-0.027113597291975544,0.034557000642201074,0.1515407019076744,-0.04274501237803985,10.342362021261302
s4HF20L,s4,HF,20,0.6123128119800333,1.2449999999999997,0.008980192673509408,0.5823627287853578,1.2449999999999997,0.011903581042934505,0.029950083194675514,0.0,1.080856666486524,1.5486675404106596,0.8826523060826511,-0.1674530332060544,0.19214675471093226,0.22489879132080964,-0.32168778214649774,37.85670598514716,1.6167904470656762,0.9048718633630822,-0.2059795018312174,0.17933100275228975,0.21620212611038298,-0.35840541721275665,45.328236493375066,-0.06812290665501664,-0.022219557280431124,0.03852646862516301,0.012815751958642513,0.008696665210426668,0.036717635066258913,-7.471530508227907
s4HF40L,s4,HF,40,0.5091514143094842,1.4299999999999997,0.005709766296201176,0.6405990016638935,1.4300000000000006,0.004944802662182182,-0.1314475873544093,-8.881784197001252e-16,0.9528149998411973,1.6594437163244502,0.877836580367791,-0.08355371165428684,0.22822253410513565,0.2159880588320955,-0.2953458569972331,43.78709771370414,2.103291102373671,0.9715747152975369,-0.35630027240322526,0.1689546490461592,0.21898791320809666,-0.647046745303626,64.45667686034795,-0.4438473860492207,-0.09373813492974592,0.27274656074893844,0.059267885058976455,-0.002999854376001171,0.35170088830639296,-20.669579146643812
s4HF60L,s4,HF,60,0.5889261744966443,0.8600000000000003,0.4856448157258001,0.62248322147651,1.165,0.07586915125800166,-0.03355704697986572,-0.3049999999999997,1.142458823337402,1.5747487986020097,0.8274238355369853,-0.1447963869375242,0.21689792913935754,0.227566622979467,-0.4747866608417067,51.372759574779025,1.5944226008446192,0.8895560634732225,-0.20395602311052424,0.22841636729284498,0.2526241444590068,-0.44174457550604335,44.387359836902064,-0.019673802242609506,-0.06213222793623718,0.059159636173000046,-0.011518438153487437,-0.025057521479539824,-0.03304208533566333,6.985399737876961
s4KE20L,s4,KE,20,0.5856905158069884,1.2699999999999996,3.028287692707748e-16,0.610648918469218,1.2699999999999996,0.0,-0.024958402662229595,0.0,1.0249199998291798,1.1876612785787097,0.8721530653024345,-0.11664811380806508,0.16224558453472787,0.2504135721566914,-0.25254696373962426,42.6663754186699,1.5865152177078783,0.8961715252308456,-0.1917258038561194,0.1630503757536007,0.2250982961992136,-0.40265618173875056,54.533275083734964,-0.39885393912916856,-0.024018459928411118,0.07507769004805431,-0.0008047912188728357,0.025315275957477817,0.1501092179991263,-11.866899665065063
s4KE40L,s4,KE,40,0.5557404326123128,1.3449999999999998,0.09488248275002222,0.6256239600665557,1.3499999999999996,0.030359411971072076,-0.06988352745424298,-0.004999999999999893,0.9415649998430725,1.6250910149992719,0.882198986038408,-0.12041003482015179,0.12360217452162252,0.20722731906218142,-0.24140235910878108,31.395077908840044,1.8599097131207223,0.9183996219956359,-0.15700943123634437,0.15276095278869634,0.1983427988932576,-0.3606480267948158,44.10266491917962,-0.2348186981214504,-0.03620063595722789,0.03659939641619257,-0.029158778267073818,0.008884520168923826,0.1192456676860347,-12.707587010339573
s4KF20L,s4,KF,20,0.6306156405990017,1.1600000000000001,0.026054239801292726,0.6139767054908486,1.165,0.01828724432526687,0.016638935108153063,-0.004999999999999893,1.0343816664942695,1.5150720838794234,0.8621434319744314,-0.20597055704091596,0.13953907106450847,0.22908693752730447,-0.343219746614242,31.579146643367498,1.3946818115625454,0.8513698648301468,-0.11199295574486436,0.20100526484636239,0.2685845347313237,-0.25928061744575503,26.08519003931904,0.12039027231687793,0.01077356714428468,-0.09397760129605161,-0.06146619378185392,-0.03949759720401924,-0.08393912916848695,5.493956604048456
s4KF40L,s4,KF,40,0.656093489148581,1.0700000000000003,0.45976142021937877,0.5792988313856428,1.0199999999999996,0.23536645421775804,0.07679465776293826,0.05000000000000071,1.0686839463095845,1.7324595893403232,0.8651808849651722,-0.21753504173627028,0.21939530854812406,0.41804426969564584,-0.3515596330275229,41.42041648463754,1.6151157710790736,0.8233946334828601,-0.08640991653851571,0.18912680649482633,0.21763215377894277,-0.29392165428862677,33.10149992718871,0.11734381826124962,0.041786251482312076,-0.13112512519775457,0.03026850205329773,0.20041211591670308,-0.057637978738896145,8.31891655744883
s4KF60L,s4,KF,60,0.6572379367720466,1.0099999999999998,0.4375329290087903,0.5657237936772047,0.8099999999999996,0.45247416363695314,0.09151414309484185,0.20000000000000018,1.0877733331520376,2.015130333478957,0.9104389809703265,-0.2571725394058486,0.24349360200960596,0.423856123489151,-0.48517256443861945,53.14052715887691,1.7539536915683704,0.8108580123306371,-0.07078290602883204,0.19832649313673667,0.23567205475462358,-0.2642143585262851,35.726663754187456,0.26117664191058654,0.09958096863968935,-0.18638963337701658,0.04516710887286929,0.18818406873452745,-0.22095820591233434,17.41386340468945
s4PF20L,s4,PF,20,0.5740432612312812,1.255,0.014254348149383547,0.6222961730449251,1.2550000000000003,0.00659368745073116,-0.048252911813643884,-4.440892098500626e-16,1.027628333162062,1.5879277704965777,0.9045538585730025,-0.10599843978301798,0.19020612469782613,0.24315858453473133,-0.3096417649628659,50.32313965341594,1.4810106305519148,0.868976249308286,-0.20892853840104403,0.1508943876656441,0.19188874326489005,-0.3485437600116499,49.156400174749834,0.1069171399446629,0.035577609264716537,0.10293009861802604,0.03931173703218205,0.05126984126984127,0.038901995048784,1.1667394786661092
s4PF40L,s4,PF,40,0.5291181364392679,1.37,0.0059598290535165105,0.64891846921797,0.45999999999999996,0.36713509382167764,-0.11980033277870217,0.9100000000000001,1.067086666488819,1.5228775302169797,0.9283530974407724,-0.14156010506916836,0.16804324042958724,0.23791612057667103,-0.42523955147808357,52.88961700888418,1.1534105140527158,0.8650343220572927,-0.17238389593999925,0.15701295077762878,0.18201834862385322,-0.32364496869084025,26.96577836027434,0.3694670161642639,0.06331877538347974,0.030823790870830897,0.011030289651958458,0.05589777195281781,-0.10159458278724331,25.92383864860984
s4PF60L,s4,PF,60,0.5224625623960066,1.37,0.00691546973758341,0.6871880199667221,1.3600000000000012,0.006003651325936881,-0.16472545757071544,0.009999999999998899,0.9699799998383366,1.6020824231833406,0.8703605682572043,-0.07741042987913042,0.22287405677879235,0.21625455074996358,-0.23763506625891945,49.82758118538041,1.2057070045143439,0.8911380455566873,-0.27695880743214785,0.10965266608416832,0.18850007281199943,-0.36604193971166443,59.497597204020494,0.3963754186689967,-0.020777477299482983,0.1995483775530174,0.11322139069462403,0.02775447793796415,0.12840687345274499,-9.670016018640084
